SQL> 
SQL> 
SQL> -- ******************************************************
SQL> -- Note:  Issue the appropiate commands to drop tables
SQL> -- ******************************************************
SQL> 
SQL> DROP TABLE pdisease purge;

Table dropped.

SQL> DROP TABLE pappointment purge;

Table dropped.

SQL> DROP TABLE medication purge;

Table dropped.

SQL> DROP TABLE disease purge;

Table dropped.

SQL> DROP TABLE package purge;

Table dropped.

SQL> DROP TABLE pvisit purge;

Table dropped.

SQL> DROP TABLE patient purge;

Table dropped.

SQL> DROP TABLE tblogin purge;

Table dropped.

SQL> -- ******************************************************
SQL> --    DROP SEQUENCES
SQL> -- Note:  Issue the appropiate commands to drop sequences
SQL> -- ******************************************************
SQL> 
SQL> DROP sequence disease_seq;

Sequence dropped.

SQL> DROP sequence patient_seq;

Sequence dropped.

SQL> Drop sequence appointment_seq;

Sequence dropped.

SQL> Drop sequence bill_seq;

Sequence dropped.

SQL> Drop sequence package_seq;

Sequence dropped.

SQL> -- ******************************************************
SQL> --    CREATE TABLES
SQL> -- ******************************************************
SQL> 
SQL> CREATE TABLE tblogin (
  2          uname       	varchar2(20)            not null,
  3          pwd		varchar2(20)		not null,
  4  	fname		varchar2(20)		null,
  5  	userview	varchar2(20)		null
  6  );

Table created.

SQL> 
SQL> CREATE TABLE patient (
  2          patientid      	char(2)			not null
  3  CONSTRAINT pid_range CHECK (patientid between 1 and 99),
  4          name    	varchar2(20)            not null,
  5  	dob     	date    DEFAULT Sysdate null,
  6          phone   	varchar2(10)           	not null,
  7          email           varchar2(50)           	not null,
  8   constraint pk_patientid primary key (patientid)
  9  );

Table created.

SQL> 
SQL> CREATE TABLE package (
  2          packageid       char(2)              	not null
  3  CONSTRAINT packid_range CHECK (packageid between 1 and 99),
  4          duration   	char(5)             	null,
  5          price           number(10,4)  default 0 null
  6                          constraint rg_price check (price >= 0),
  7  			constraint pk_package primary key (packageid)
  8  );

Table created.

SQL> 
SQL> CREATE TABLE disease (
  2  	diseaseid 	char(2)             	null
  3  CONSTRAINT did_range CHECK (diseaseid between 1 and 99),
  4          disease         varchar2(20)            null,
  5  constraint pk_diseaseid primary key (diseaseid)
  6  );

Table created.

SQL> 
SQL> CREATE TABLE medication (
  2          medid           char(4)           	not null
  3                          constraint pk_medid primary key
  4  CONSTRAINT mid_range CHECK (medid between 1 and 9999),
  5          medtype         varchar(20)             null
  6  );

Table created.

SQL> 
SQL> 
SQL> CREATE TABLE pvisit (
  2  	patientid       char(2)             	not null,
  3          appointmentid   char(4)             	not null,
  4          billid		char(4)            	not null
  5  CONSTRAINT bid_range CHECK (billid between 1 and 9999),
  6  	packageid       char(1)              	not null,
  7  	duration   	char(5)             	null,
  8  	lastvisit       date            	DEFAULT Sysdate null,
  9  	Paid		char(1) 		not null,
 10  constraint pk_appointment_patient primary key (appointmentid, patientid),
 11  constraint fk_patientd FOREIGN KEY (patientid) references patient (patientid)  on delete cascade
 12  );

Table created.

SQL> 
SQL> CREATE TABLE pdisease (
  2          patientid       char(2)             	not null,
  3          diseaseid       char(2)             	null,
  4          medid           char(4)             	null,
  5  constraint pk_disease_patient PRIMARY KEY (diseaseid, patientid),
  6  constraint fk_patientdiseas FOREIGN KEY (patientid) references patient (patientid)  on delete cascade,
  7  constraint fk_medid FOREIGN KEY (medid) references medication (medid)  on delete cascade,
  8  constraint fk_diseaseid FOREIGN KEY (diseaseid) references disease (diseaseid)  on delete cascade
  9  );

Table created.

SQL> 
SQL> 
SQL> CREATE TABLE pappointment (
  2  	appointmentid   char(4)             	null
  3  			constraint pk_appointment PRIMARY KEY
  4  CONSTRAINT appid_range CHECK (appointmentid between 1 and 9999),
  5  	patientid       char(2)             	not null,
  6   	packageid       char(1)                 not null,
  7  	nextvisit       date	DEFAULT Sysdate null,
  8  	aptime		varchar2(5)		null,
  9  	estduration	char(5)			null,
 10  	visited		varchar2(5)         	null,
 11  	paid		varchar2(5)     	null,
 12  constraint fk_patient_app FOREIGN KEY (patientid) references patient (patientid)  on delete cascade
 13  );

Table created.

SQL> 
SQL> -- ******************************************************
SQL> --    CREATE SEQUENCES
SQL> -- ******************************************************
SQL> 
SQL> CREATE sequence bill_seq
  2  increment by 1
  3  start with 1;

Sequence created.

SQL> 
SQL> CREATE sequence appointment_seq
  2  increment by 1
  3  start with 1;

Sequence created.

SQL> 
SQL> CREATE sequence patient_seq
  2  increment by 1
  3  start with 1;

Sequence created.

SQL> 
SQL> CREATE sequence disease_seq
  2  increment by 1
  3  start with 1;

Sequence created.

SQL> 
SQL> CREATE sequence package_seq
  2  increment by 1
  3  start with 1;

Sequence created.

SQL> 
SQL> -- ******************************************************
SQL> --    Create Procedure to increment patientid
SQL> -- ******************************************************
SQL> 
SQL> -- ******************************************************
SQL> --    POPULATE TABLES
SQL> -- ******************************************************
SQL> /* tblogin entity */
SQL> 
SQL> INSERT INTO tblogin VALUES ('admin', 'admin', 'admin', 'all');

1 row created.

SQL> INSERT INTO tblogin VALUES ('user', 'user', 'user', 'install');

1 row created.

SQL> 
SQL> /* patient entity */
SQL> 
SQL> SELECT patient_seq.nextval FROM dual;

   NEXTVAL                                                                      
----------                                                                      
         1                                                                      

SQL> INSERT INTO patient VALUES (patient_seq.currval, 'Earl Smith', TO_DATE('1989-12-09','RRRR-MM-DD'), '0718012921', 'esmith0@a8.net');

1 row created.

SQL> SELECT patient_seq.nextval FROM dual;

   NEXTVAL                                                                      
----------                                                                      
         2                                                                      

SQL> INSERT INTO patient VALUES (patient_seq.currval, 'Beverly Porter', TO_DATE('1990-11-04','RRRR-MM-DD'), '2406764467', 'bporter@gmail');

1 row created.

SQL> SELECT patient_seq.nextval FROM dual;

   NEXTVAL                                                                      
----------                                                                      
         3                                                                      

SQL> INSERT INTO patient VALUES (patient_seq.currval, 'Samuel Bowman', TO_DATE('1967-08-06','RRRR-MM-DD'), '0773059462', 'sbowman2@vk.com');

1 row created.

SQL> SELECT patient_seq.nextval FROM dual;

   NEXTVAL                                                                      
----------                                                                      
         4                                                                      

SQL> INSERT INTO patient VALUES (patient_seq.currval, 'Raymond Owens', TO_DATE('1988-03-09','RRRR-MM-DD'), '5895251248', 'rowens3@vk.com');

1 row created.

SQL> SELECT patient_seq.nextval FROM dual;

   NEXTVAL                                                                      
----------                                                                      
         5                                                                      

SQL> INSERT INTO patient VALUES (patient_seq.currval, 'Linda Washington', TO_DATE('1977-10-10','RRRR-MM-DD'), '0898832701', 'lwashington4@si.edu');

1 row created.

SQL> 
SQL> /* Package Entry */
SQL> 
SQL> SELECT package_seq.nextval FROM dual;

   NEXTVAL                                                                      
----------                                                                      
         1                                                                      

SQL> INSERT INTO package VALUES (package_seq.currval, 0.5, 35);

1 row created.

SQL> SELECT package_seq.nextval FROM dual;

   NEXTVAL                                                                      
----------                                                                      
         2                                                                      

SQL> INSERT INTO package VALUES (package_seq.currval, 1, 65);

1 row created.

SQL> SELECT package_seq.nextval FROM dual;

   NEXTVAL                                                                      
----------                                                                      
         3                                                                      

SQL> INSERT INTO package VALUES (package_seq.currval, 1.5, 85);

1 row created.

SQL> 
SQL> /* Disease Entity*/
SQL> 
SQL> SELECT disease_seq.nextval FROM dual;

   NEXTVAL                                                                      
----------                                                                      
         1                                                                      

SQL> INSERT INTO disease VALUES (disease_seq.currval, 'Diabetes');

1 row created.

SQL> SELECT disease_seq.nextval FROM dual;

   NEXTVAL                                                                      
----------                                                                      
         2                                                                      

SQL> INSERT INTO disease VALUES (disease_seq.currval, 'Allergy');

1 row created.

SQL> SELECT disease_seq.nextval FROM dual;

   NEXTVAL                                                                      
----------                                                                      
         3                                                                      

SQL> INSERT INTO disease VALUES (disease_seq.currval, 'Heart Disease');

1 row created.

SQL> SELECT disease_seq.nextval FROM dual;

   NEXTVAL                                                                      
----------                                                                      
         4                                                                      

SQL> INSERT INTO disease VALUES (disease_seq.currval, 'Hepatitis');

1 row created.

SQL> SELECT disease_seq.nextval FROM dual;

   NEXTVAL                                                                      
----------                                                                      
         5                                                                      

SQL> INSERT INTO disease VALUES (disease_seq.currval, 'Other');

1 row created.

SQL> 
SQL> /* Medication Entity*/
SQL> 
SQL> INSERT INTO medication VALUES (0001, 'Med1');

1 row created.

SQL> INSERT INTO medication VALUES (0002, 'Med2');

1 row created.

SQL> INSERT INTO medication VALUES (0003, 'Med3');

1 row created.

SQL> INSERT INTO medication VALUES (0004, 'Med4');

1 row created.

SQL> INSERT INTO medication VALUES (0005, 'Med5');

1 row created.

SQL> 
SQL> /* pvisit entity */
SQL> INSERT INTO pvisit VALUES (1, 1,  1, 2, 1, TO_DATE('2015-12-09','RRRR-MM-DD'), 0);

1 row created.

SQL> INSERT INTO pvisit VALUES (1, 2,  2, 2, 1.5, TO_DATE('2015-06-09','RRRR-MM-DD'), 0);

1 row created.

SQL> INSERT INTO pvisit VALUES (2, 3,  1, 2, 0.5, TO_DATE('2014-03-09','RRRR-MM-DD'), 0);

1 row created.

SQL> INSERT INTO pvisit VALUES (2, 4,  2, 3, 1.5, TO_DATE('2014-01-09','RRRR-MM-DD'), 0);

1 row created.

SQL> INSERT INTO pvisit VALUES (3, 5,  3, 3, 1.5, TO_DATE('2014-07-09','RRRR-MM-DD'), 0);

1 row created.

SQL> INSERT INTO pvisit VALUES (3, 6,  4, 3, 0.5, TO_DATE('2014-04-09','RRRR-MM-DD'), 0);

1 row created.

SQL> INSERT INTO pvisit VALUES (4, 7,  1, 3, 1, TO_DATE('2014-12-09','RRRR-MM-DD'), 0);

1 row created.

SQL> INSERT INTO pvisit VALUES (4, 8,  2, 3, 1.5, TO_DATE('2014-11-09','RRRR-MM-DD'), 0);

1 row created.

SQL> INSERT INTO pvisit VALUES (5, 9,  1, 2, 1.5, TO_DATE('2014-10-09','RRRR-MM-DD'), 0);

1 row created.

SQL> INSERT INTO pvisit VALUES (5, 10, 2, 1, 1, TO_DATE('2014-11-09','RRRR-MM-DD'), 0);

1 row created.

SQL> 
SQL> /* pdisease entity */
SQL> 
SQL> INSERT INTO pdisease VALUES (1, 5, 1 );

1 row created.

SQL> INSERT INTO pdisease VALUES (2, 2, 2 );

1 row created.

SQL> INSERT INTO pdisease VALUES (1, 3, 3 );

1 row created.

SQL> INSERT INTO pdisease VALUES (1, 4, 4 );

1 row created.

SQL> INSERT INTO pdisease VALUES (2, 5, 5 );

1 row created.

SQL> INSERT INTO pdisease VALUES (2, 1, 1 );

1 row created.

SQL> INSERT INTO pdisease VALUES (3, 5, 2 );

1 row created.

SQL> INSERT INTO pdisease VALUES (4, 5, 3 );

1 row created.

SQL> 
SQL> /* pappointment entity */
SQL> SELECT appointment_seq.nextval FROM dual;

   NEXTVAL                                                                      
----------                                                                      
         1                                                                      

SQL> INSERT INTO pappointment VALUES (appointment_seq.currval, 1, 1, TO_DATE('2015-09-09','RRRR-MM-DD'), '8:30', 1, 'false', 'false');

1 row created.

SQL> SELECT appointment_seq.nextval FROM dual;

   NEXTVAL                                                                      
----------                                                                      
         2                                                                      

SQL> INSERT INTO pappointment VALUES (appointment_seq.currval, 1, 2, TO_DATE('2015-12-08','RRRR-MM-DD'), '9:30', 1, 'false', 'false');

1 row created.

SQL> SELECT appointment_seq.nextval FROM dual;

   NEXTVAL                                                                      
----------                                                                      
         3                                                                      

SQL> INSERT INTO pappointment VALUES (appointment_seq.currval, 2, 1, TO_DATE('2015-10-06','RRRR-MM-DD'), '10:00', 0.5, 'false', 'false');

1 row created.

SQL> SELECT appointment_seq.nextval FROM dual;

   NEXTVAL                                                                      
----------                                                                      
         4                                                                      

SQL> INSERT INTO pappointment VALUES (appointment_seq.currval, 2, 1, TO_DATE('2014-02-08','RRRR-MM-DD'), '11:00', 1, 'false', 'false');

1 row created.

SQL> SELECT appointment_seq.nextval FROM dual;

   NEXTVAL                                                                      
----------                                                                      
         5                                                                      

SQL> INSERT INTO pappointment VALUES (appointment_seq.currval, 3, 1, TO_DATE('2014-04-01','RRRR-MM-DD'), '12:30', 1, 'false', 'false');

1 row created.

SQL> SELECT appointment_seq.nextval FROM dual;

   NEXTVAL                                                                      
----------                                                                      
         6                                                                      

SQL> INSERT INTO pappointment VALUES (appointment_seq.currval, 3, 1, TO_DATE('2014-08-11','RRRR-MM-DD'), '1:00', 0.5, 'false', 'false');

1 row created.

SQL> SELECT appointment_seq.nextval FROM dual;

   NEXTVAL                                                                      
----------                                                                      
         7                                                                      

SQL> INSERT INTO pappointment VALUES (appointment_seq.currval, 4, 2, TO_DATE('2015-07-15','RRRR-MM-DD'), '2:30', 1.5, 'false', 'false');

1 row created.

SQL> SELECT appointment_seq.nextval FROM dual;

   NEXTVAL                                                                      
----------                                                                      
         8                                                                      

SQL> INSERT INTO pappointment VALUES (appointment_seq.currval, 4, 2, TO_DATE('2014-09-18','RRRR-MM-DD'),'2:30', 1, 'false', 'false');

1 row created.

SQL> SELECT appointment_seq.nextval FROM dual;

   NEXTVAL                                                                      
----------                                                                      
         9                                                                      

SQL> INSERT INTO pappointment VALUES (appointment_seq.currval, 5, 1, TO_DATE('2014-12-10','RRRR-MM-DD'),'3:30', 1, 'false', 'false');

1 row created.

SQL> SELECT appointment_seq.nextval FROM dual;

   NEXTVAL                                                                      
----------                                                                      
        10                                                                      

SQL> INSERT INTO pappointment VALUES (appointment_seq.currval, 5, 1,  TO_DATE('2014-11-09','RRRR-MM-DD'),'5:00', 1.5, 'false', 'false');

1 row created.

SQL> 
SQL> 
SQL> -- ******************************************************
SQL> --    VIEW TABLES
SQL> --
SQL> -- Note:  Issue the appropiate commands to show your data
SQL> -- ******************************************************
SQL> 
SQL> SELECT * FROM tblogin;

UNAME                PWD                  FNAME                                 
-------------------- -------------------- --------------------                  
USERVIEW                                                                        
--------------------                                                            
admin                admin                admin                                 
all                                                                             
                                                                                
user                 user                 user                                  
install                                                                         
                                                                                

SQL> SELECT * FROM patient;

PA NAME                 DOB       PHONE                                         
-- -------------------- --------- ----------                                    
EMAIL                                                                           
--------------------------------------------------                              
1  Earl Smith           09-DEC-89 0718012921                                    
esmith0@a8.net                                                                  
                                                                                
2  Beverly Porter       04-NOV-90 2406764467                                    
bporter@gmail                                                                   
                                                                                
3  Samuel Bowman        06-AUG-67 0773059462                                    
sbowman2@vk.com                                                                 
                                                                                

PA NAME                 DOB       PHONE                                         
-- -------------------- --------- ----------                                    
EMAIL                                                                           
--------------------------------------------------                              
4  Raymond Owens        09-MAR-88 5895251248                                    
rowens3@vk.com                                                                  
                                                                                
5  Linda Washington     10-OCT-77 0898832701                                    
lwashington4@si.edu                                                             
                                                                                

SQL> SELECT * FROM pdisease;

PA DI MEDI                                                                      
-- -- ----                                                                      
1  5  1                                                                         
2  2  2                                                                         
1  3  3                                                                         
1  4  4                                                                         
2  5  5                                                                         
2  1  1                                                                         
3  5  2                                                                         
4  5  3                                                                         

8 rows selected.

SQL> SELECT * FROM pvisit;

PA APPO BILL P DURAT LASTVISIT P                                                
-- ---- ---- - ----- --------- -                                                
1  1    1    2 1     09-DEC-15 0                                                
1  2    2    2 1.5   09-JUN-15 0                                                
2  3    1    2 .5    09-MAR-14 0                                                
2  4    2    3 1.5   09-JAN-14 0                                                
3  5    3    3 1.5   09-JUL-14 0                                                
3  6    4    3 .5    09-APR-14 0                                                
4  7    1    3 1     09-DEC-14 0                                                
4  8    2    3 1.5   09-NOV-14 0                                                
5  9    1    2 1.5   09-OCT-14 0                                                
5  10   2    1 1     09-NOV-14 0                                                

10 rows selected.

SQL> SELECT * FROM pappointment;

APPO PA P NEXTVISIT APTIM ESTDU VISIT PAID                                      
---- -- - --------- ----- ----- ----- -----                                     
1    1  1 09-SEP-15 8:30  1     false false                                     
2    1  2 08-DEC-15 9:30  1     false false                                     
3    2  1 06-OCT-15 10:00 .5    false false                                     
4    2  1 08-FEB-14 11:00 1     false false                                     
5    3  1 01-APR-14 12:30 1     false false                                     
6    3  1 11-AUG-14 1:00  .5    false false                                     
7    4  2 15-JUL-15 2:30  1.5   false false                                     
8    4  2 18-SEP-14 2:30  1     false false                                     
9    5  1 10-DEC-14 3:30  1     false false                                     
10   5  1 09-NOV-14 5:00  1.5   false false                                     

10 rows selected.

SQL> SELECT * FROM package;

PA DURAT      PRICE                                                             
-- ----- ----------                                                             
1  .5            35                                                             
2  1             65                                                             
3  1.5           85                                                             

SQL> SELECT * FROM disease;

DI DISEASE                                                                      
-- --------------------                                                         
1  Diabetes                                                                     
2  Allergy                                                                      
3  Heart Disease                                                                
4  Hepatitis                                                                    
5  Other                                                                        

SQL> SELECT * FROM medication;

MEDI MEDTYPE                                                                    
---- --------------------                                                       
1    Med1                                                                       
2    Med2                                                                       
3    Med3                                                                       
4    Med4                                                                       
5    Med5                                                                       

SQL> 
SQL> 
SQL> -- ******************************************************
SQL> --    QUALITY CONTROLS
SQL> --
SQL> -- Note:  Testing  constraints of the following types:
SQL> --        *) Entity integrity
SQL> --        *) Referential integrity
SQL> --        *) Column constraints
SQL> --        *) 1. Entity integrity: Duplicate PK
SQL> -- SELECT * FROM package;
SQL> -- INSERT into package values ('1', 0.6, 40);
SQL> --        *) 2. Entity integrity: Null PK
SQL> -- SELECT * FROM package;
SQL> -- INSERT into package values (null, 0.5, 35);
SQL> --        *) 1. Referential integrity: Updating PK with Existing PK
SQL> -- SELECT * FROM patient;
SQL> -- UPDATE patient set patientid=5 where patientid=1;
SQL> 
SQL> -- ******************************************************
SQL> --    END SESSION
SQL> -- ******************************************************
SQL> 
SQL> commit;

Commit complete.

SQL> 
SQL> spool off
